Variable,Overall μ (σ),Training Cohort μ (σ),Testing Cohort μ (σ),Validation Cohort μ (σ),P-value
age,34.164(7.091),34.192(7.106),34.079(7.045),34.151(7.092),0.555
wtkg,75.862(12.029),75.816(12.042),76.017(12.018),75.861(11.946),0.521
karnof,96.832(5.092),96.809(5.109),96.842(5.087),96.977(4.967),0.223
preanti,318.16(402.933),317.96(402.096),320.637(406.15),313.961(402.078),0.827
cd40,319.08(102.526),319.5(102.657),317.906(101.991),318.584(102.725),0.559
cd420,438.09(144.807),437.887(144.638),438.452(144.291),438.349(146.968),0.986
cd80,1045.936(488.617),1044.774(487.557),1050.46(493.536),1043.96(484.5),0.76
cd820,905.938(339.708),904.563(340.496),908.487(339.928),910.464(333.515),0.581
Time (days),877.37(307.286),876.748(307.733),879.757(305.862),874.678(306.798),0.774
